{"cameraMode":{"drawMode":0,"name":"Shaded","section":"Shading Mode"},"sceneLighting":true,"audioPlay":false,"sceneViewState":{"showFog":true,"showMaterialUpdate":false,"showSkybox":true,"showFlares":true,"showImageEffects":true,"showParticleSystems":true},"in2DMode":false,"pivot":{"x":-10.584593772888184,"y":-5.042684555053711,"z":17.786178588867189},"rotation":{"x":-0.11191772669553757,"y":0.22685232758522035,"z":-0.02625183016061783,"w":-0.9671281576156616},"size":13.065754890441895,"orthographic":false}